40501902#Monoprice Inc	Two-Piece Inset Wall Plate with 4 Inch Built-in Flexible High Speed HDMI Cable With Ethernet - Dual Port (2P)	NoBrand
23596795	Aluratek Samsung Galaxy Folio Case	Aluratek
16560989#Focus Camera	Rand McNally 528002767 GPS Soft Case	Rand McNally
40501950	Commercial Silver Series Standard HDMI Cable, 50ft Black	commercial
42395876	roocase Slim FUSION Hybrid Clear PC TPU Case Cover works with iPhone 6 4.7, Purple	roocase
41182216	QVS 3-Meter USB Dock Sync & Charger 3-in-1 Cable for iPod/iPhone and iPad/2/3 - USB for iPad, iPhone, iPod, Cellular Pho	QVS
21805419#OneCall	Joy Factory Airmax Army Brown Case for iPhone 5	Joy Factory
14644450#Circuit City	Ergotron Neo-Flex&#8482; Combo Lift Stand	Ergotron
41033599#TigerDirect	Aorus X7V2-CF2 Intel Core i7 16GB memory 1TB HDD + 2x 128GB SSD NVIDIA Geforce GTX 860M 17.3 Gaming Laptop Windows 8.1	Aorus
13075225	Evolis Badgy Consumable Kit with Thin Cards - VBDG101EU	Evolis
40427021#TigerDirect	Intel Xeon E5-2660V2 - 2.2 GHz - 10-core - 20 threads - 25 MB cache - LGA2011 Socket - for MXA UCS C220 M3; UCS B200 M3	Intel
11070555#Walmart.com	Blue Parrot Bluetooth Professional-Grade Wireless Headset System With Extended Talk Time	Parrot
41999773	SMC AS3211F-N03-09SA, Speed Control Valve,5/16 In Tube,3/8 In Pipe	SMC
10993526	Lexmark Twin-Pack #36, #37 Black and Color Return Program Print Cartridges	 Lexmark
29849421	BELKIN COMPONENTS Pro Series USB 2. 0 Device Cable A/B 6 ft F3U133-06-CBL	Belkin
34743021#Tech For Less Inc	Aluratek 4-Port USB 3.0 SuperSpeed Hub with Attached Cable - USB - External - 4 USB Port(s) - 4 USB 3.0 Port(s)	Aluratek
40500205#Monoprice Inc	7FT 24AWG Cat5e 350MHz UTP Bare Copper Ethernet Network Cable - White	NoBrand
226293	The Tao of Voice: A New East-West Approach to Transforming the Singing and Speaking Voice	NoBrand
41177137#US Micro	Off Lease REFURBISHED Dell Optiplex 755 Core 2 Duo 2.3Ghz 2GB 80GB DVD Windows 7 Pro Desktop Computer	Dell
33851424#Tech For Less Inc	Square Enix 662248913711 91371 Tomb Raider Game of the Year - Xbox 360	Square Enix
37667584	Seagate Surveillance 4TB HDD - SATA III 6Gb/s, 64MB Cache, 1MIL MTBF Hours, 5900 RPM, 3.5 Form Factor - ST4000VX000	Seagate
10982126	CTA DSi/DSL 9-in-1 Starter Kit, Pink(DSi)	cta
41192061#TEKENVY	Pyle PFA400U Car Amplifier - 2 Channel - Class T	Pyle
22273723#UnbeatableSale.com	Tripp Lite PS-410-HGOEMCC Power Strip Hospital Grade	Tripp Lite
42454927#TigerDirect	Corlink SMCBGZLCX1-COR SMC Compatible 1000BASE-ZX SFP 1550nm 80km DOM SMF LC	Corlink
15084831#Tech For Less Inc	Corsair Flash Padlock CMFPLA8GB USB Flash Thumb Drive - 8 GB - (Refurbished)	Corsair
32112961	Belkin BE106000-04-BLK Surge Protector - 6 Outlets, 4ft Cord	Belkin
39753406	Transcend microSDHC Memory Card - 8GB, Class 6, SD 2.0, ECC, 10000 Insertion/Removal Cycles - TS8GUSDC6	Transcend
40871041	Case Logic Carrying Case for 15.6 Notebook, iPad - Anthracite - Polyester	Case Logic
41259273#TEKENVY	Xerox WorkCentre 3325/DNI Laser Multifunction Printer - Monochrome - Plain Paper Print - Desktop - Copier/Fax/Printer/Sc	Xerox
41420593	PROLINE PB450E000S440DAGR Motor Run Capacitor,45 MFD,440V,Round	Proline
40501604	Cat5e 24AWG UTP Ethernet Network Cable, 6-inch Black	NoBrand
40690971#TigerDirect	3M PFCDE001 - Notebook privacy filter - 11.6 wide - black - for Dell Chromebook 11	3M
40623389#OneCall	Astell & Kern AKS02 Docking Station for AK240	Astell & Kern
29503764#UnbeatableSale.com	Ereplacements 661-5229 3. 42 Compatible Laptop Battery Replaces	Ereplacements
41182407#TEKENVY	Tripp Lite Heavy-Duty Power Cord for Servers - 20A 12AWG (IEC-320-C19 to NEMA L5-20P) 10-ft.	Tripp Lite
40634909#TigerDirect	CybertronPC ViperX7 TGMVPRX734RD Gaming PC - Intel Core i7-4790K 4.00GHz 8GB DDR3 1TB/8GB Hybrid Hard Drive DVDRW 1G	CybertronPC
41177165#US Micro	Off Lease REFURBISHED Lenovo ThinkCentre M58 2.93GHz 4GB 400GB DVD Win 7 Home Small Form Computer PC	Lenovo
40623187	THUMP Xtreme Water Proof Bluetooth Wireless Headphone	xtreme
40501918#Monoprice Inc	12ft S-Video & 12ft RCA Audio Cable - MOLDED	rca
23143525#UnbeatableSale.com	Startechm SV411K 4 port StarView KVM switch Kit	Startechm
39567896	NEW KENWOOD DDX371 IN DASH 6.1 DOUBLE DIN CAR STEREO CD/MP3/USB/DVD/BLUETOOTH	Kenwood
19314476#Shoplet	Epson ERC23B Ribbon EPSERC23B	Epson
41260211#TEKENVY	Buffalo MiniStation Extreme HD-PZU3 HD-PZ500U3R 500 GB External Hard Drive - USB 3.0 - SATA - Portable - Red - 1 Pack	Buffalo
38467493	HP ProBook 455 G2 Notebook PC - AMD Quad Core A8-7100, 1.8GHz, 4GB, 500GB HDD, 15.6, 1366 x 768,, Windows 7 Professiona	HP
35607955	Panasonic Toughbook CF-53SALBYLM 14 LED Notebook - Intel Core i5 i5-3340M 2.70 GHz	Panasonic
40357508#TigerDirect	Vantec LapCool-2 Dual Fan Notebook Cooler	Vantec
40870014#TEKENVY	HP ProBook 650 G1 15.6 LED Notebook - Intel Core i5 i5-4200M 2.50 GHz - 4 GB RAM - 500 GB HDD - DVD-Reader - Intel HD G	HP
11100036#Walmart.com	Horror Stars on Radio: The Broadcast Histories of 29 Chilling Hollywood Voices	NoBrand
11292024#Wayfair	Quest Manufacturing 100 Series 19 Compact Wall Mount Enclosure	Quest
42462453#TigerDirect	Corlink AA1419032-COR Avaya Compatible 1000BASE-CWDM SFP 1GE 2G FC 1610nm 40km DOM SMF LC	Corlink
32612132	Canon BG-E8 Battery Grip	Canon
27534493#OneCall	Niles RS6 PRO Granite 6-inch 2 way High Performance Rock Loudspeaker (FG01687)	Niles
40502416	5-1/4 Inches Kevlar 2-Way In-Ceiling Speakers (Pair) - 50W Nominal, 100W Max	NoBrand
42025454#Zoro	SQUARE D 9070T3000D4 Control Transformer	Square D
1033869	Keepers: A Live Recording	NoBrand
41288152#TigerDirect	Kingsons 15.6 Evolution Laptop Shoulder Bag - Red Water Resistant - KS3036-R	Kingsons
42395540	HP TouchSmart 15-r150nr - Core i3 4005U / 1.7 GHz - Windows 8.1 64-bit - 4 GB RAM - 750 GB HDD - DVD SuperMulti - 15.6	HP
10661066	Intelligent Forecasting Station with Weather Event Predictions	NoBrand
43037011#O.co	HP CE413A (305A) Magenta Laser Toner Cartridge	HP
17173551	Zalman USA CNPS10XPERFORMA Zalman Performa CPU Cooler	Zalman
11037619	HP 124A Cyan Original LaserJet Toner Cartridge	HP
41288155#TigerDirect	Evercool Cruise Missile w/extremely Low Thermal Resistance - Thermal compound x 1 Spreader x 1 2.89W/mK-C Conductivity	Evercool
38672561#TigerDirect	ROCCAT Kave XTD 5.1 Surround Sound Gaming Headset - Multi Channel Sound Card Desktop Remote SMART LINK Bluetooth Adj	Roccat
1080484	Frank Sinatra: Hollywood Years/On Television	NoBrand
41053671#US Micro	Off Lease REFURBISHED Dell Latitude E5410 Ci5 2.6GHz 4GB 320GB DVD Win 7 Pro Laptop Notebook	Dell
41031036#TEKENVY	StarTech.com 25 ft Cross Wired DB9 Serial Null Modem Cable - F/F - DB-9 Female - DB-9 Female - 25ft	Startech.com
21154411	Coleman Cable 6 Outlets Shop Power Strip	Coleman Cable
13069278#Wayfair	Gefen 1 x 2 DVI DL Splitter	Gefen
17656913#Circuit City	TRYTEN LAPTOP SECURITY CABLEPADLOCK 6FT	Tryten
40605320	Off Lease REFURBISHED HP Compaq DC5850 2.8GHz AMD Athlon 4GB 400GB DVD Win 7 Pro Mini Tower Computer	HP
1756966#Walmart.com	Welcome To My Nightmare (Bonus Tracks) (Rmst)	NoBrand
7754458	Maxell 635117 Maxell DVD-RW Discs, 4.7GB, 2x, Spindle, Gold, 15/Pack	Maxell
41031487#TEKENVY	AddOn Drive Bay Adapter Internal - Serial Attached SCSI (SAS) Controller	AddOn
42558819	Kensington SureCheck K62568US Classic Notebook Case - Black	Kensington
12448861#Wayfair	Ingersoll Rand 2 Differential Transfer Piston Pump in Nitrile Upper Packing	Ingersoll Rand
14506020	Kodak 10B Black Ink Cartridge	Kodak
40501185#Monoprice Inc	0.5FT 24AWG Cat5e 350MHz UTP Bare Copper Ethernet Network Cable - Blue	NoBrand
41990478#Zoro	DAYTON 4MTU4 Control Transformer 4.72H x 4.72W In.	Dayton
40500205	Cat5e 24AWG UTP Ethernet Network Cable, 7ft White	 NoBrand
41209919#Zoro	TAYLOR 1534 Wireless Remote Sensor 14 to 158F	Taylor
35150464	Refurbished HP LaserJet Pro M1217nfw CE844AR Multifunction Monochrome Printer - Scan, Fax, Copy, 19ppm, 600 x 600 dpi, USB 2.0, Netw	HP
42398687#TigerDirect	EDGE Boost Pro Micro - Solid state drive - 120 GB - internal - 1.8 - SATA 6Gb/s	Edge
38333315	Omnimount OS80FM 50 Full-Motion Mount	Omnimount
33857382	Sandisk SDSDU-032G-A11 32GB Ultra SDHC UHS-I Card - 32GB, Class 10, up to 30MB/s, 1080p, Water-proof	Sandisk
40984592#TEKENVY	QVS USB Sync & Charger Cable - USB/Proprietary for iPhone iPod iPad - 9.84 ft - 1 x Male Proprietary Connector - 1 x T	QVS
40986824	HP 16GB 2Rx4 PC3L-10600R-9 Kit - 16 GB (1 x 16 GB) - DDR3 SDRAM - 1333 MHz DDR3-1333/PC3-10600 - ECC - Registered - 240-	HP
40500065	Premium 3D Printer Filament PLA 1.75MM 1kg/spool, Fluorescent Purple	premium
40294141	Everlast EverCool Sparring Headgear-XL	Everlast
32000989	HP AMD FirePro V3900 Workstation Video Card - 1GB DDR3, PCI-Express 2.1 (x16), Low Profile - A6R69AT	HP
42937430	Samsung Compatible Cyan Toner Cartridge CLT-C506L/ CLP-680/ CLX-6260	NoBrand
37668045	SIIG Portable Battery Power Bank Plus USB Light Combo - External battery pack Li-Ion 5200 mAh	Siig
42396147	roocase Heavy Duty Armor Hybrid Rugged Stand Case works with iPhone 6 4.7, Black	roocase
41029860	Off Lease REFURBISHED Lenovo ThinkCentre M81 3.1GHz i3 4GB 250GB DVD Win 7 Pro Desktop Computer PC	Lenovo
12021465#Wayfair	Comprehensive 3 RCA Plugs Each End Component RGB Video Cable	Comprehensive
40695332	NuForce MMP White Mobile Music Pump Portable Headphone Amplifier	NuForce
42466176#TigerDirect	HP EliteDesk 800 G1 - SFF - 1 x Core i5 4590 / 3.3 GHz - RAM 8 GB - SSD 128 GB - DVD SuperMulti - HD Graphics 4600 - Gig	HP
12321730#Circuit City	PNY MD2048KD2-667 2GB Dual Channel Memory Module - PC5400 DDR2 667MHz 240 Pin	PNY
42464123	Corlink GSC-BX-D-40KM-COR Cisco Compatible 1000BASE-BXD GBIC Tx1490nm/Rx1310nm 40km DOM SMF LC	Corlink
5469680	Audiovox Accessories ANT-1251R Amplified Indoor TV Antenna	Audiovox
40689477	Quantum MR-L6MQN-01 LTO Ultrium 6 Data Cartridge - LTO-6 - 2.50 TB (Native) / 6.25 TB (Compressed) - 2775.59 ft Tape Len	Quantum
42553383	Amd Radeon Memory R5 Entertainment Series-16gb [2x8gb] Ddr3-1600 Mhz Cl11 Memory Kit - 16 Gb [2 X 8 Gb] - Ddr3 Sdram - 1600 Mhz Ddr3-1600/pc3-12800 - 1.35 V - 204-pin - Sodimm (r5316g1601s2lk)	AMD
33609708	Refurbished HP EliteBook 6930p Notebook PC - Intel Core 2 Duo T9400 2.53GHz, 4GB DDR2, 500GB HDD, DVDRW, 14.1 Display, Windows 7 Pr	HP
40870582#TEKENVY	Samsung Galaxy Tab 4 SM-T230 8 GB Tablet - 7 - Wireless LAN - 1.20 GHz - Black - 1.50 GB RAM - Android 4.4 KitKat - Sla	Samsung
11463497#Wayfair	Middle Atlantic MRK Series Rack Base Template	Middle Atlantic
40795951#Zoro	INNOVATIVE COMPONENTS 3GDW7 Fluted Knob 1 3/4 In Thru Lock 5/16-18	Innovative 
41194772	Urban Factory Carrying Case (Sleeve) for iPad - Black	Urban Factory
41193186	Aluratek Universal Carrying Case (Folio) for 8 Tablet, iPad mini - Black	Aluratek
11017007#Walmart.com	Tritton AX PC Pro Gaming Headset TRIUA513	Tritton
41082708	Oregon Scientific Lnb0222112213001 Weather Radio, Wr601n/blry,	Oregon Scientific
15029098	Iogear 8-Port USB PS/2 Combo VGA KVM Switch with USB KVM Cables	Iogear
41192198	SIIG MHL Cable - 8 - USB/HDMI for Audio/Video Device, TV, Projector, Monitor, Cellular Phone, Tablet PC - 8 ft - 1 Pack	Siig
23135018#UnbeatableSale.com	Lexmark 12A6869 12A6869 High-Yield Toner for Labels- 30000 Page-Yield- Black	Lexmark
40871324#TEKENVY	Acer G276HL 27 LED LCD Monitor - 16:9 - 6 ms - Adjustable Display Angle - 1920 x 1080 - 16.7 Million Colors - 300 Nit -	Acer
42556120	Belkin Carrying Case (Backpack) for 13 Notebook - Black, Gray	Belkin
40502474#Monoprice Inc	100FT 24AWG Cat6 550MHz UTP Bare Copper Ethernet Network Cable - Red	NoBrand
312235#Walmart.com	The Boxcar Children Mysteries: The Boxcar Children Surprise Island the Yellow House Mystery & Mystery Ranch	NoBrand
825379	Unissued Copenhagen Studio Recordings (Remaster)	NoBrand
40871209	HP EliteDesk 800 G1 Desktop Computer - Intel Core i5 i5-4590T 2 GHz - Desktop Mini - 4 GB RAM - 500 GB HHD - Intel HD Gr	HP
13056131	Epson T605100 60 Ink EPST605100	Epson
16480755	StarTech 2-Port High Resolution USB DVI Dual Link KVM Switch with Audio	StarTech
41744845#TigerDirect	AddOn - GBIC transceiver module - 1000Base-ZX - SC single mode - up to 49.7 miles - 1550 nm - for Nortel BayStack 380; 4	AddOn
13214655#Shoplet	Belkin SOHO Desktop KVM Switch With Cables BLKF1DS104J	Belkin
42943055#O.co	Compatible Brother LC75 Ink Cartridge (Pack of 8)	Brother
41310436	Visidec VFS-DH Monitor Stand - Up to 24 Screen Support - 52.91 lb Load Capacity16.3 Width x 12 Depth - Desktop - Silv	Visidec
38298339	Samsung Galaxy Tab 3 8GB 7.0 T210 Wi-Fi Android Tablet PC - White	Samsung
19415390#Circuit City	Usb 2.0 Cable M To F 15Ft (Pack of 100)	NoBrand
42454668	Corlink AA1419062-E6-COR Avaya Compatible 1000BASE-CWDM SFP 1GE 2G FC 1490nm 80km DOM SMF LC	Corlink
41192909#TEKENVY	ZyXEL ZyWALL USG 20W Wireless Unified Security Gateway - 5 Port Gigabit Ethernet IEEE 802.11n - USB	ZyXEL
32364075	Kensington SoftGuard Notebook Carrying Case - Notebook carrying case - black	Kensington
21289765	ful Refugee Laptop Pack	ful
13361979	Comprehensive Plenum DB9 pin Plug to Plug RS-232 Cables	Comprehensive
43094808#Focus Camera	LaCie 5big Thunderbolt Series 10 TB External Hard Drive	LaCie
42464246	Corlink SRX-SFP-10GE-DAC-5M-COR Juniper Compatible 10GBase-CU 5m Twinax Cable, 30AWG SFP+ Cable Assembly	Corlink
40605310#US Micro	Off Lease REFURBISHED Lenovo ThinkPad W520 2.2GHz i7 4GB 500GB DRW Win7 Pro64 WiFi 15 Laptop Notebook	Lenovo
42523529#US Micro	Off Lease REFURBISHED HP 6200 Pro 2.8GHz PDC 4GB 160GB DVD Win 7 Pro Small Form Factor Computer PC	HP
41177283#US Micro	Off Lease REFURBISHED Dell Optiplex 790 3.1GHz i3 4GB 400GB DVD Win 7 Pro Small Form Computer PC	Dell
42458749#TigerDirect	Corlink GBIC-LH-70-COR Riverstone Compatible 1000BASE-ZX GBIC 1550nm 80km SMF SC	Corlink
11089819#Walmart.com	Stress testing Item 105 DO NOT BUY	NoBrand
42349258	Micr Tech MICR Tech MICR Toner Cartridge - Replacement for HP (CE285A) - Blac...	MICR
42462593#TigerDirect	Corlink DWDM-SFP-4772-COR Cisco Compatible 1000BASE-DWDM SFP 1547.72 nm 2.67G (100-GHz ITU grid) 120km SMF LC	Corlink
3371535	Tripp Lite HT706TV 7-Outlet Home Theater Surge Protector/Suppressor with Coaxial Protection	Tripp Lite
36082590#Perf-Moto	HardDrive Custom Grips OE Style Foam Fits 13-14 Harley-Davidson FXSB Softail Breakout	Harley-Davidson
19240996	DUST-OFF Laptop Computer Cleaning Kit, 8.5 oz. Spray/Microfiber Cloth	DUST-OFF
11997517#Wayfair	Higher Ground Gear Shuttle 2.1 14 Carrying Case	Higher Ground
22098299#UnbeatableSale.com	Sharp R-331ZS 1. 1 Cu Ft. 1000W Touch Microwave with 11. 25 inch Turntable - Stainless Steel	Sharp
40458284	Lenmar Ptz300ma Replacement Battery For Makita[r] 4334 Series, 5026 Series, 5036 Series Power Tools	Lenmar
43140442#TigerDirect	Refurbished HP - DDR3 - 16 GB - DIMM 240-pin - 1066 MHz / PC3-8500 - CL7 - registered - ECC - Refurbished - 500666-B21-RB	HP
42398589#TigerDirect	Tripp Lite Standard Computer Power Extension Cord 10A 18AWG C14 to C13 - Power cable (100-250 VAC) - IEC 320 EN 60320 C1	Tripp Lite
21154357	Leviton 515CR Residential Grade Connector-BLK CORD CONNECTOR	Leviton
40399156#TigerDirect	Verbatim Tattoo Series Koi - USB flash drive - 8 GB - USB 2.0	Verbatim
40623246#Focus Camera	Delkin DDCF500-32GB 32GB CF500 Compact Flash Memory Card	Delkin
9875794#Circuit City	Media Shuttle Holds 6 USB Drives Blue	Shuttle
23136248	Primera 53602 Ink Magenta Bravo 4100 Series Print	Primera
41367010#TEKENVY	Kanex Charge and Sync Cable with Lightning Connector - Lightning/USB for iPad iPod iPhone iPad mini - 4 ft - 1 x Ligh	Kanex
40985166#TEKENVY	Canon CLI-8Y Ink Cartridge - Yellow - Inkjet - 1 Each	Canon
41529615#TigerDirect	Rat7 Optical Mouse Red (Pack of 4)	Rat7
43102781#TigerDirect	Cisco - Voice interface card - ISDN BRI - 2 digital port(s) - for Cisco 17XX 26XX 28XX 29XX 36XX 37XX 3845 V3PN 3	Cisco
40712242	Skullcandy PLYR 2 Teal/ Navy Wireless Gaming Headset (SMPLFY-280)	Skullcandy
13072983	HP Q7502A 110V Fuser HEWQ7502A	HP
42491455#TigerDirect	Kensington Folio Pro 2 K39512US 3-in-1 Case - Folio for iPad Built-in Keyboard Bluetooth Angle Adapter 30-pin Conne	Kensington
41869015	Sony Xperia Z2 - D6502 - white - 3G HSPA+ - 16 GB - 5.2 - TFT - GSM - Android Phone WHITE	Sony
3619865#Mega Retail Store	Epson Black Ink Cartridge	Epson
17298980	Turtle Beach Ear Force X12 Gaming Headset with Amplified Stereo Sound and Microphone (Xbox 360)	Turtle Beach
35461518	StarTech Shielded Cat6a RJ-45 Ethernet Keystone Jack	StarTech
40871152	Professional Cable Sync/Charge Lightning/USB Data Transfer Cable - Lightning/USB - 6 ft - USB - Lightning Proprietary Co	Professional Cable
11040301	Activity TV: Cartooning Expert	NoBrand
41258997#TEKENVY	EVGA SuperNOVA 750 G2 Power Supply - 110 V AC 220 V AC Input Voltage - 3.3 V DC 5 V DC 12 V DC -12 V DC 5 V DC Outp	EVGA
41053856	Off Lease REFURBISHED HP Compaq DC5850 2.2GHz AMD Sempron 8GB 1TB DVD Win7 Pro64 Computer PC+19 LCD	HP 
42509835#TEKENVY	Lexmark 700D1 Black Developer Unit - 40000 Page	Lexmark
17781642	SIIG HDMI 4-Port Switch	SIIG
40860180#Zoro	ECO ALKALINES ECOD2 Battery Alkaline D PK 2 G4294491	ECO
40500370	1.5ft S-Video|3.5mm Stereo to Composite RCA|RCA Stereo Combo 22AWG Cable (Gold Plated)	rca
42748146#HappEshopper	Kenwood DNX570HD 6.1 Double Din CD/DVD/MP3 Receiver w/ Nav HD Radio Bluetooth	Kenwood
39782660	HP EliteDesk 800 G1 Desktop PC - Intel Core i5-4590 3.30GHz, 4GB DDR3 Memory, 500GB HDD, DVDRW, Windows 8.1 Pro 64-bit -	HP 
24727220#UnbeatableSale.com	Lenmar LBZ387D Replacement Battery For Dell Studio 1745 Laptop Computers	Lenmar
37813367	Refurbished Philips Blu-ray Disc Player - DIVX+ HD, Dolby TrueHD, EasyLink, BD-Live, WiFi, DVD Video Upscaling - BDP2105/F7RB	Philips
40623097	Delkin Devices DDMSD66064GB 64GB MicroSDXC w/SD Adapter	Delkin
12359943#Wayfair	ProTec 15.4 Neoprene Netbook Sleeve	ProTec
39753133	Crucial 16GB Server Memory Kit 2 x 8GB, DDR4, 2133 MT/s (PC4-2133), CL15, SR x4 ECC, Registered DIMM, 288-Pin - CT2K8G	Crucial
37908990#Tech For Less Inc	Ubisoft 88725630033 Assassins Creed Unity - PC	Ubisoft
41983692#Zoro	SQUARE D 9070T1000D4 Control Transformer	SQUARE D
41192113#TEKENVY	Seal Shield Shield Waterproof Cover w/Chg Door for iPad 2/New/3 - iPad - Black Clear - Polyurethane Thermoplastic Poly	Seal
16203619	Acer 24 Widescreen LED-LCD Monitor, Black (S242HL)	Acer
40753632#TigerDirect	Perle IOLAN SDS32C LDC - Console server - 32 ports - RS-232 RS-422 RS-485 - DC power - 1U - rack-mountable	Perle
40501787	6ft USB 2.0 A Male to Mini-B 4pin Male 28/28AWG Cable	NoBrand
11077963#Walmart.com	Tripp Lite 8-Outlet Safety Power Strip With GFCI Plug - 9 Cord	Tripp Lite
41181841	HP PR08 Notebook Battery - 5100 mAh - Lithium Ion (Li-Ion) - 14.4 V DC	HP
40446324#TigerDirect	Wacom Bamboo Stylus Solo 3Gen - Stylus / ballpen - gray	Wacom
42396411#TigerDirect	HP Workstation Z440 - MT - 4U - 1 x Xeon E5-1630V3 / 3.7 GHz - RAM 8 GB - HDD 1 TB - DVD SuperMulti - Quadro K2200 - Gig	HP
38137315	SanDisk Extreme HD SDHC Flash Memory Card - 32GB, UHS-I, Class 10, 45 MB/s Read & Write Speed, (SDSDRX3032GA21)	SanDisk
11369984#Wayfair	Middle Atlantic UCP Series 1/4 D Cable Punchouts	Middle Atlantic
21015854#UnbeatableSale.com	Konica Minolta A0VD017 Magicolor 3730DN Color Laser Printer	Konica Minolta
40612219#TigerDirect	Acer Aspire E1-771-33116G50Mnii - Core i3 3110M / 2.4 GHz - Windows 7 Home Premium 64-bit - 6 GB RAM - 500 GB HDD - 17.3	Acer
41941935#Zoro	ACME ELECTRIC TB81201 Transformer In 240/480V Out 120V 75VA	ACME
10913073	RCA 40 Class Full HD 1080p 60Hz LCD HDTV, L40FHD41	RCA
40719161#TigerDirect	Toshiba - Flip cover for tablet - dark blue - for Toshiba Encore 2 WT8-B-001 WT8-B-006 WT8-B-102 WT8-B32CN	Toshiba
41537447#TigerDirect	Corsair 16GB (4x4GB) Vengeance LPX Memory Kit - DDR4 2800MHz CL16 PC4-22400 288-Pin DIMM Black - CMK16GX4M4A2800C1	Corsair
41192577#TEKENVY	HP mt41 14 LED Notebook - AMD A-Series A4-4300M 2.50 GHz - 4 GB RAM - 16 GB SSD - AMD Radeon HD 7420G - Windows Embedde	HP
40694867	HP EliteOne 705 G1 All-in-One Computer - AMD A-Series A8 PRO-7600B 3.10 GHz - Desktop	HP
41145119	Eaton ePDU G3 Metered Input - Power distribution unit ( rack-mountable ) - AC 200-240 V - 8.64 kW - Ethernet 10/100, RS-	Eaton
40897607	Cisco StackWise Adapter - For Stacking	Cisco
13073375#Shoplet	Verbatim 8GB Store n Go 95507 USB 2.0 Flash Drive VER95507	Verbatim
11961377	Peerless Articulating Arm for Flat Panel Screens (Mount Only) (37 - 60 Screens)	Peerless
42032744	Adata Premier Pro Sp920 128 Gb 2.5 Internal Solid State Drive - Sata - 560 Mbps Maximum Read Transfer Rate - 180 Mbps Maximum Write Transfer Rate - Silver (151766)	Adata
41981181	Fosmon Samsung Galaxy Note 4 Case - DURA-FRO Smooth Durable & Flexible Slim Fit TPU Case Cover - Black	Fosmon
41282242	Zenith Pm1001fc30 30-pin Connector Car Charger	Zenith
41053691#US Micro	Off Lease REFURBISHED Dell Latitude E5410 i5 2.4GHz 4GB 320GB DVD Win 7 Pro Wi-Fi Laptop Notebook	Dell
40745589	3M Easy-On Anti-Glare Filter - Anti-glare screen protector - clear - for Microsoft Surface Pro 3	3M
42558471#TEKENVY	Gear Head Slim FS3200RED Carrying Case (Portfolio) for iPad mini - Red Honeycomb	Gear Head
17164148	JVC HAFX8P Riptidz Inner Ear Headphones Pink	JVC
41448429	Fractal Design FD-CA-DEF-R4-BL-W Define R4 Black Pearl W Window	Fractal Design
42398627	Case works with iPhone 6 Plus 5.5, roocase KAPSUL PC TPU Hybrid Armor Cover, Red	roocase
14860264#Mega Retail Store	My Lil Mouse One Button Kids Computer Mouse Pink	NoBrand
13214726	Sony Magneto Optical (MO) Disk	Sony
32110095	Manhattan USB Modem-White	Manhattan
42454379	EDGE Boost Pro - Solid state drive - 30 GB - internal - 2.5 - SATA 6Gb/s	EDGE
40899934	Nintendo Mario Kart 8 - Sports Game Retail - Wii U	Nintendo
42451151#TigerDirect	Corlink E10GSFPLR-COR Intel NIC Compatible 1000M/10GBASE-SR SFP+ 1310nm 10km SMF LC	Corlink
40986236#TEKENVY	Cisco SG500-28 Ethernet Switch - 24 Ports - Manageable - 24 x RJ-45 - Stack Port - 4 x Expansion Slots - 10/100/1000Base	Cisco
42557899	Lenovo 500 GB 2.5 Internal Hard Drive - SATA - 5400 rpm - 8 MB Buffer - 1 Pack	Lenovo
42462492#TigerDirect	Corlink CBL-10GSFP-DAC-5M-COR Brocade Compatible 10GBase-CU SFP+ Passive Twinax Cable Assembly 5m	Corlink
20582963#UnbeatableSale.com	Comprehensive PP96P5E 96 Port Cat5e Patch Panel	Comprehensive 
42464271#TigerDirect	Corlink JD493A-COR HP Compatible 1000BASE-SX SFP 850nm 550m MMF LC	Corlink
41490838	Lacie 301984 Rugged Triple USB 3.0 1 TB External Hard Drive + 4GB JetFlash 500 USB 2.0 Flash Drive + Accessory Kit	Lacie
11997522#Wayfair	Higher Ground Gear Shuttle 2.1 15 Carrying Case	Higher Ground
11037629#Walmart.com	HP 11A Black Original LaserJet Toner Cartridge	HP
42458889	Gigaram 1GB Desktop Memory- DDR2, DIMM, 240 Pins, 800 MHZ, 1.8V, Unbuffered - CHH	Gigaram
12021060#Wayfair	Comprehensive Premium High Resolution BNC to RCA Video Cables	Comprehensive 
11993267	Pioneer Tsa4103 4 X 10 2-Way S ers	Pioneer
24672090	Permanent Colored Copper Wire 14 Gauge 10 Feet/pkg, Copper	NoBrand
20863155#UnbeatableSale.com	Everest 3045LT-DGRY Slim Laptop Backpack - Dark Grey	Everest
29561878	Targus 10.2 Slipskin Peel Tablet/Netbook Case - Snug Fit, Lightweight, Protects from Scratches and Dust Black/Gray -	Targus
41255608	Wilson N-female / N-female Barrel Connector - 1 X N-type Female Antenna - 1 X N-type Female Antenna (971117)	Wilson
35105846	SanDisk 32GB Extreme microSDHC UHS-I Memory Card	SanDisk
16609086#Bic Warehouse	Metal Art Monitor Stand 18 1/2 x 12 1/4 x 5 1/4 Black	Metal Art
42396341	roocase Ultra Slim Fit Strio Bumper Case Cover works with iPhone 6 4.7, Pink	roocase
41261127	Gigabyte BRIX Pro GB-BXI7-4770R Desktop Computer - Intel Core i7 i7-4770R 3.20 GHz - Mini PC - Black - 0 Byte RAM - 0 By	Gigabyte
40985126#TEKENVY	Tripp Lite Protect It! TLP606USB 8-Outlets Surge Suppressor - 6 x NEMA 5-15R 2 x USB - 1.88 kVA - 990 J - 125 V AC Inpu	Tripp Lite 
40810728#TigerDirect	APC - Power cable (250 VAC) - IEC 320 EN 60320 C14 - IEC 320 EN 60320 C19 - 4 ft - stranded - green	APC
40243764#HappEshopper	Kenwood KAC-M1804 Compact 4 Channel Digital Car Boat or Motorcycle Amp Amplifier	Kenwood
41326951#Zoro	EATON FH35 Thermal Unit 6.27 to 6.83 Amps	EATON
42488291	AOC E1759FWU 17 class USB LED Monitor - 1600 x 900 resolution and folded stand. Landscape/portrait view mode with auto-	AOC
41344108	8184 Mini SAS(M)/Mini SAS(M),1m,Black,	NoBrand
42523735	Off Lease REFURBISHED HP Compaq DC7800 C2D 2.2GHz 4GB 400GB DVD Win 7 Pro Desktop Computer + 17 LCD	HP
13056674#Shoplet	Samsung CLPK660B High-Yield Toner SASCLPK660B	Samsung
40984251	HP ProBook 650 G1 15.6 LED Notebook - Intel Core i5 i5-4200M 2.50 GHz - 4 GB RAM - 180 GB SSD - DVD-Writer - Intel HD G	HP
41192662#TEKENVY	Cisco Multirate XFP Transceiver Module - 2 x Fiber Optic - 9.95 Gbps OC-192/STM-64	Cisco
13214219	AMD 100-505588 FirePro 2450 Graphics Card	AMD
40501574#Monoprice Inc	75FT FLEXboot Series 24AWG Cat6 550MHz UTP Bare Copper Ethernet Network Cable - Blue	NoBrand
13212906	Tripplite S510-18N 18IN INTERNAL SAS CABLE MINI	Tripplite
41870218#TigerDirect	StarTech.com 4 Port USB DVI KVM Switch with DDM Fast Switching and Cables - KVM / USB switch - USB - 4 x KVM / USB - 1 l	StarTech.com
40986142	HP Scanjet N6310 Document Sheetfed Scanner - 2400 dpi Optical	HP
42535365	Tp-link 5-port Gigabit Easy Smart Switch - 5 Ports - Manageable - 5 X Rj-45 - 10/100/1000base-t - Desktop (tl-sg105e)	Tp-link
19236998#OneCall	Sony SRF-59 AM/FM Radio Walkman Personal Stereo	Sony
40986669#TEKENVY	Targus Slim Stylus for Smartphones - Silver - Rubber - Silver	Targus
12021463	Comprehensive 3 RCA Plugs Each End Component RGB Video Cable	Comprehensive
42935549#O.co	Lexmark #27 (10N0227) Color Remanufactured Ink Cartridge (Pack of 5)(Refurbished)	Lexmark
41077599	Xerox 106r01390 Yellow Standard Capacity Print Cartridge	Xerox
29826721#UnbeatableSale.com	Peerless FPZ-655 Flat Panel Stand for 32 inch to 55 inch Flat Panel Screens	Peerless
38537557#TigerDirect	Samsung 840 EVO 250GB SSD - 2.5 Form Factor SATA III 6 Gb/s Up To 540 MB/s Read Speed Up To 520 MB/s Write Speed 7m	Samsung
42462389	Corlink AA1419069-E6-COR Avaya Compatible 1000BASE-BXU SFP Tx1310nm/Rx1490nm 20km DOM SMF LC	Corlink
40625233	Asus Chromebox Mini PC - Intel Celeron 2955U 1.40GHz, 2GB DDR3 Memory, 16GB SSD, Wi-Fi, Google Chrome OS - CHROMEBOX-M11	Asus
40521189	3ft Coiled 3.5mm Male To 3.5mm Male Stereo Audio Cable - Black	NoBrand
31333083#Monoprice Inc	Fixed Wall Mount Bracket for LCD LED Plasma (Max 200 lbs 37&#x7E;63 inch)	NoBrand
40502062#Monoprice Inc	Ladies Tote for iPad Tablets and 13-inch Laptop - Black	NoBrand
42398253#TigerDirect	Supermicro SuperStorage Server 5048R-E1CR36L - Server - rack-mountable - 4U - 1-way - RAM 0 MB - SAS - hot-swap 3.5 - n	Supermicro
41101414	U.s. Robotics 4000 Line Sharing Device 1 X 3 - Manual - Fax Machine, Modem, Telephone (usr4000)	U.s. Robotics
41867922#TigerDirect	Microsoft Surface Pro 3 - Tablet - detachable keyboard - Core i7 4650U / 1.7 GHz - Windows 8.1 Pro - 8 GB RAM - 256 GB S	Microsoft
23204432#UnbeatableSale.com	POWER ACOUSTIK IP-5C FULL CONTROL UART CABLE FOR IPOD-IPHONE WITH MP3 & VIDEO	POWER ACOUSTIK
35048234	Transition - SFP+ transceiver module - 10GBase-LR - LC single mode - up to 6.2 miles - 1310 nm - for P/N: A9K-16T/8-B=,	Transition
40500799	Commercial Series Premium High Speed HDMI Cable, 3ft Black	commercial
13069323	Belkin PureAV Audio/Video Cable	Belkin
40293928#TigerDirect	Linksys Ethernet 8 Port Switch - Desktop Wall Mountable Gigabit Ethernet 8x RJ45 - SE3008	Linksys
40985695	HP Elite E231i 23 LED LCD Monitor - 16:9 - 8 ms - 1920 x 1080 - 250 Nit - Full HD - DVI - VGA - DisplayPort - USB - 36	HP
13056553	Okidata 42127404 Black Toner C5100/C5300	Okidata
41192723	USB IKEY NEMA 4X (IP67) KEYB W/ MNT HOLES BLK 12 FUNCTION KEYS	NoBrand
40897427	Gear Head UH7200 7-port USB Hub - USB - External - 7 USB Port(s) - 7 USB 2.0 Port(s)	Gear Head
41967037#OneCall	Polk Audio RTiA7 Black (Ea) 3-Way Floorstanding Loudspeaker	Polk Audio
42958993#O.co	EcoPlus HP CC364X Remanufactured Toner Cartridge (Black)	HP
36321384	Minuteman EnterprisePlus LCD E750RT2U - UPS ( rack-mountable / external ) - AC 120/125 V - 600 Watt - 750 VA - Ethernet,	Minuteman
42010237#Zoro	CAROL C1164.41.01 Cable Coaxial Rg62/U 1 000 Black	CAROL
42000381	CONDOR USA, INC 31TGXEXX Pressure Switch, 3PST, 215/250 psi	CONDOR 
23569334	RCA RC207 Dual Wake Clock Radio with USB Charging	RCA
19866158	Sta-Lube 05005 9 Oz Multi Purpose Power Lube	NoBrand
41067405#Zoro	FUNCTIONAL DEVICES INC / RIB RIBW01B-EN2 Wireless Relay/Transmitter 20A 120VAC	NoBrand
17617014#Circuit City	Cyber Acoustics Mono Office Headset - 20Hz-20kHz Y-Adapter 3.5mm Jack Buitl-in Microphone Black - AC-104	Cyber Acoustics
25394847#Tech For Less Inc	Electronic Arts 014633730296 Battlefield 4 for Xbox One	Electronic Arts
11292023#Wayfair	Quest Manufacturing 100 Series 19 Compact Wall Mount Enclosure	Quest Manufacturing
40254341	Axis 0217-081 Pole Mount Adapter For Axis T92a (0217081)	Axis
41021769	IGUS GSI-1012-08, Sleeve Bearing, 5/8 IDx1/2 In L, Pk 5	IGUS
10993528#Shoplet	Lexmark 18C2239 14 LEX18C2239	Lexmark
2470128#Shoplet	Apc APC Back-UPS CS 500VA APWBK500	APC
13072433	Samsung 31-0990-01-SM Micro USB Car Charger	Samsung
3756908#UnbeatableSale.com	Belkin F2N028-15 15 VGA Monitor Replacment Cbl	Belkin
42557622	Urban Factory Carrying Case for 16 Notebook - Rose - Nylon, Koskin	Urban Factory
41260629#TEKENVY	Buffalo Ultra Performance 1-Drive Network Storage - 1 x Marvell ARMADA 370 1.20 GHz - 1 x Total Bays - 4 TB HDD (1 x 4 T	Buffalo
41261233#TEKENVY	Connectpro EOC-VA1 Video Console/Extender Over Cat-5 - 1 x 1 1 - VGA SVGA XGA SXGA UXGA QXGA - 650ft 1000ft 2000	Connectpro
40500035	Metal 6.35mm (1/4Inch) Mono Plug to 3.5mm Jack Adapter	NoBrand
42403413	Beats by Dr. Dre Solo2 Wireless Headphones	Beats by Dr. Dre
40900060#SF Planet	Fosmon 6FT SuperSpeed Micro USB 3.0 to USB Sync & Charge Cable for Samsung Galaxy S5 Note 3 Note & Tab Pro 12.2	Fosmon
41177068	Off Lease REFURBISHED HP 8200 Elite i5 3.1GHz 2GB 400GB DVD Win 7 Pro Desktop Computer + 17 LCD	HP
40818657	Seagate Backup Plus STDR1000102 1 TB 2.5 External Hard Drive - USB 3.0 - Portable - Blue	Seagate
24898347	Sheltered Wings Vortex Harness Strap	Vortex
41312434#Zoro	BALDWIN FILTERS PA3856 Air Filter6-3/32 x 9-27/32 In G5684226	BALDWIN 
40984162	Griffin Elan Folio Carrying Case (Folio) for iPad - Black, Gray	Griffin Elan
22217063	Power Zone ORD100306 Dryer Cord 10 By 3 Srdt Gray 6 Ft.	Power Zone
11537968#Walmart.com	Digital & Anaglogue: Rockstar Games	Rockstar Games
35205971	Beats by Dr. Dre PowerBeats In-Ear Headphones, Neon Blue	Beats by Dr. Dre
10250453#Circuit City	CyberPower UPS Battery Backup - 825VA 450 Watts LCD Diagnostics - CP825LCD	CyberPower
20670086#UnbeatableSale.com	LG Electronics BP40NS20 6X 3D M-Disc with Software Retail	LG 
40870262#TEKENVY	Intel Ethernet SFP+ SR Optic - 1 x 10GBase-SR	Intel
15055778#Circuit City	Kingston SDC4/16GB microSDHC Flash Card - 16GB Class 4 Adapter	Kingston
40986337#TEKENVY	Calrad Electronics HDMI Splitter - 1600 x 1200 - UXGA - 1080p1 x 2	Calrad 
40501369#Monoprice Inc	2FT FLEXboot Series 24AWG Cat6 550MHz UTP Bare Copper Ethernet Network Cable - Black	NoBrand
43140392	Refurbished HP - DDR2 - 16 GB : 2 x 8 GB - DIMM 240-pin - 667 MHz / PC2-5300 - 1.8 V - registered - ECC - Refurbished - 408855-B21-R	HP
39574942#TigerDirect	Tech Armor Microsoft SURFACE RT/PRO HD Clear Screen Protector - SP-HD-MS-SUR2-2	Tech Armor
41489946	Vivitar Replacement Rechargeable Lithium Ion Battery for GoPro Hero3	Vivitar
39113012	ASUS M Series M51BC - Tower - 1 x FX 4300 - RAM 8 GB - HDD 500 GB - DVD-Writer - Radeon R5 235X - GigE - Windows 8.1 - M	ASUS
11976292#Walmart.com	Agile Development in the Irish Software Industry: Models for Change	NoBrand
40895402	ACME ELECTRIC T2535153S Transformer, 1 Phase, 7.5kVA, 120/240V Out	ACME
21925872	CRKT INOX4G Stainless Steel Gold iNoxCase for the iPhone 4	CRKT
14860167	HP 22 Tri-color Original Ink Cartridge	HP
42450771	Corlink E1MG-BXD-COR Brocade Compatible 1000BASE-BXD SFP Tx1490nm/Rx1310nm 20km DOM SMF LC	Corlink
40551985#TigerDirect	Lenovo ThinkPad X230 Intel Core i5 4GB Memory 180G (Refurbished)	Lenovo
24260120	Califone International 1218AVP-03 8-Position Monaural Listening Center With Headphone Rack	Califone
13056650#Mega Retail Store	Samsung Black Toner	Samsung
42558658	APC Cables Power Extension Cord - 250 V AC Voltage Rating - 15 A Current Rating	APC Cables
14928475	Innovera Compatible with 310-7893 5110 Toner IVRD5112	Innovera
41778222	Peerless Lcc-36c 36&#240;48 Lcd Ceiling Mount With Cord Management Covers [black] (lcc36c)	Peerless
40713822#TigerDirect	EDGE ProShot - Flash memory card - 4 GB - 133x - CompactFlash	EDGE
20850704#UnbeatableSale.com	Sumdex PTN-806BK SpinWork Universal Tablet Stand	Sumdex
40294186#TigerDirect	Chief RPAO - Mounting kit ( ceiling mount ) for projector - steel - black	Chief 
4404164#Shoplet	Lexmark 18C0781 Ink LEX18C0781	Lexmark
42398710#TigerDirect	Toshiba 58L1350U 58IN 1080P 120Hz LED HDTV (Refurbished)	Toshiba
40623132#OneCall	Audioengine A5+ Black (Pr.) Powered Bookshelf Speakers	Audioengine
40515023#TigerDirect	XFX AMD Radeon R9 280X 3GB DDR5 Graphics Card - 3G (Refurbished)	AMD
13259198	Startech.com PCI1P-LP 1-Port EPP/ECP PCI Card	Startech.com
40514995	10ft Premier Series XLR Female to 1/4inch TRS Male 16AWG Cable (Gold Plated)	NoBrand
11988339#Walmart.com	Garmin 010-11305-01 nuvi Carrying Case	Garmin
42397300	EDGE - Storage bay adapter - 3.5 to 2.5	EDGE
40500972	2.5mm Stereo Plug to RCA Jack Adaptor - Gold Plated	rca
11078735	Media Charging Station, Black Faux Leather	NoBrand
831632	At Mister Kellys [Bonus Tracks]	NoBrand
412397#Walmart.com	Self-Ownership Freedom and Equality	NoBrand
43140464#TigerDirect	Refurbished HP Enterprise - Hard drive - 300 GB - hot-swap - 2.5 SFF - SAS 6Gb/s - 15000 rpm - with HP SmartDrive carrier - Refurbi	HP
39136195#Tech For Less Inc	StarTech MU6MF 6 Feet Extension Audio Cable - 1 - 3.5 mm Mini-Jack (3 Position) Male/Female - Black	StarTech
41435132	8182 SAS(M)/Mini SAS(M),1m,Black,	NoBrand
42837678#Tech For Less Inc	Tripp Lite U021003 3 Feet Data Transfer Cable with Gold Connectors - 1 x Type A Male USB 2.0 USB 1 x Type B Male USB 2.0 USB	Tripp Lite
40501550	10Gb Fiber Optic Cable, SC/SC, Multi Mode, Duplex - 2 Meter (50/125 Type) - Aqua	NoBrand